login,name,company,location,email,hireable,bio,public_repos,followers,following,created_at
orta,,,,,False,,0,0,0,
jeromeetienne,,,,,False,,0,0,0,
jonataslaw,,,,,False,,0,0,0,
steventroughtonsmith,,,,,False,,0,0,0,
axic,,,,,False,,0,0,0,
lmammino,,,,,False,,0,0,0,
flaviohenriquealmeida,,,,,False,,0,0,0,
snrazavi,,,,,False,,0,0,0,
filipesilva,,,,,False,,0,0,0,
afshinm,,,,,False,,0,0,0,
bl4de,,,,,False,,0,0,0,
guibranco,,,,,False,,0,0,0,
zalando,,,,,False,,0,0,0,
avidLearnerInProgress,,,,,False,,0,0,0,
derekmolloy,,,,,False,,0,0,0,
AnikSarker,,,,,False,,0,0,0,
clarkdo,,,,,False,,0,0,0,
flaviojmendes,,,,,False,,0,0,0,
wix,,,,,False,,0,0,0,
ahmedadeltito,,,,,False,,0,0,0,
xiaokangwang,,,,,False,,0,0,0,
Gpzim98,,,,,False,,0,0,0,
kracekumar,,,,,False,,0,0,0,
rampatra,,,,,False,,0,0,0,
Ashwin-Poefra,,,,,False,,0,0,0,
sadlil,,,,,False,,0,0,0,
juarezpaf,,,,,False,,0,0,0,
hmikihth,,,,,False,,0,0,0,
CardinalHealth,,,,,False,,0,0,0,
imandyie,,,,,False,,0,0,0,
rougeth,,,,,False,,0,0,0,
masbahnana,,,,,False,,0,0,0,
awesomeAB,,,,,False,,0,0,0,
ppamorim,,,,,False,,0,0,0,
timmyomahony,,,,,False,,0,0,0,
mina1460,,,,,False,,0,0,0,
igorbrigadir,,,,,False,,0,0,0,
12Knocksinna,,,,,False,,0,0,0,
mcspronko,,,,,False,,0,0,0,
maK-,,,,,False,,0,0,0,
soub4i,,,,,False,,0,0,0,
goenning,,,,,False,,0,0,0,
LotteMakesStuff,,,,,False,,0,0,0,
rafadelnero,,,,,False,,0,0,0,
Rocketknight1,,,,,False,,0,0,0,
urschrei,,,,,False,,0,0,0,
mdibaiee,,,,,False,,0,0,0,
nsomar,,,,,False,,0,0,0,
sipsorcery,,,,,False,,0,0,0,
gabrielschade,,,,,False,,0,0,0,
ZorinOS,,,,,False,,0,0,0,
The-AI-Summer,,,,,False,,0,0,0,
gokselkoksal,,,,,False,,0,0,0,
mariocasciaro,,,,,False,,0,0,0,
markdregan,,,,,False,,0,0,0,
capnramses,,,,,False,,0,0,0,
abhishekhegde,,,,,False,,0,0,0,
rxluz,,,,,False,,0,0,0,
rbanffy,,,,,False,,0,0,0,
gupta-utkarsh,,,,,False,,0,0,0,
boramalper,,,,,False,,0,0,0,
HouzuoGuo,,,,,False,,0,0,0,
mesta1,,,,,False,,0,0,0,
greymd,,,,,False,,0,0,0,
godcrampy,,,,,False,,0,0,0,
mihaitodor,,,,,False,,0,0,0,
theWhiteFox,,,,,False,,0,0,0,
benmcmahon100,,,,,False,,0,0,0,
gchp,,,,,False,,0,0,0,
dmnfarrell,,,,,False,,0,0,0,
ciaramcguire,,,,,False,,0,0,0,
abdelazeem201,,,,,False,,0,0,0,
lxsameer,,,,,False,,0,0,0,
mehmetkose,,,,,False,,0,0,0,
amir,,,,,False,,0,0,0,
paulca,,,,,False,,0,0,0,
syxanash,,,,,False,,0,0,0,
mikebrady,,,,,False,,0,0,0,
AemieJ,,,,,False,,0,0,0,
rangav,,,,,False,,0,0,0,
kriscfoster,,,,,False,,0,0,0,
lechien73,,,,,False,,0,0,0,
intercom,,,,,False,,0,0,0,
mattdonnelly,,,,,False,,0,0,0,
5agado,,,,,False,,0,0,0,
GavinJoyce,,,,,False,,0,0,0,
cesanta,,,,,False,,0,0,0,
apssouza22,,,,,False,,0,0,0,
NayeonKeum,,,,,False,,0,0,0,
No9,,,,,False,,0,0,0,
marekdano,,,,,False,,0,0,0,
Flavien,,,,,False,,0,0,0,
dgonzalez,,,,,False,,0,0,0,
aldanor,,,,,False,,0,0,0,
carlosfilhou,,,,,False,,0,0,0,
DamnWidget,,,,,False,,0,0,0,
kassio,,,,,False,,0,0,0,
pallotron,,,,,False,,0,0,0,
DarthGandalf,,,,,False,,0,0,0,
kevinheavey,,,,,False,,0,0,0,
esteedqueen,,,,,False,,0,0,0,
thiagokokada,,,,,False,,0,0,0,
colmdoyle,,,,,False,,0,0,0,
stephenc,,,,,False,,0,0,0,
mehdime,,,,,False,,0,0,0,
kerimdzhanov,,,,,False,,0,0,0,
aliva,,,,,False,,0,0,0,
rojer,,,,,False,,0,0,0,
coderick14,,,,,False,,0,0,0,
donovanh,,,,,False,,0,0,0,
satori,,,,,False,,0,0,0,
Pamir,,,,,False,,0,0,0,
paskal,,,,,False,,0,0,0,
caquino,,,,,False,,0,0,0,
maxday,,,,,False,,0,0,0,
raonyguimaraes,,,,,False,,0,0,0,
BDQ,,,,,False,,0,0,0,
SaM-92,,,,,False,,0,0,0,
deathowl,,,,,False,,0,0,0,
cassiomolin,,,,,False,,0,0,0,
morganmcg1,,,,,False,,0,0,0,
adastreamer,,,,,False,,0,0,0,
tsee,,,,,False,,0,0,0,
ttroy50,,,,,False,,0,0,0,
Chippd,,,,,False,,0,0,0,
ymoslem,,,,,False,,0,0,0,
sivaschenko,,,,,False,,0,0,0,
zalando-incubator,,,,,False,,0,0,0,
relistan,,,,,False,,0,0,0,
andrewcparnell,,,,,False,,0,0,0,
Barqawiz,,,,,False,,0,0,0,
bartelink,,,,,False,,0,0,0,
eddieantonio,,,,,False,,0,0,0,
ankitrohatgi,,,,,False,,0,0,0,
plattysoft,,,,,False,,0,0,0,
barreeeiroo,,,,,False,,0,0,0,
nhtlongcs,,,,,False,,0,0,0,
cathalmccabe,,,,,False,,0,0,0,
MosesEsan,,,,,False,,0,0,0,
NiallJoeMaher,,,,,False,,0,0,0,
lucasas,,,,,False,,0,0,0,
gohabereg,,,,,False,,0,0,0,
isabellasouzas,,,,,False,,0,0,0,
Rita-Okonkwo,,,,,False,,0,0,0,
eugeneius,,,,,False,,0,0,0,
niqdev,,,,,False,,0,0,0,
bakszero,,,,,False,,0,0,0,
aviraldg,,,,,False,,0,0,0,
AdrianRossouw,,,,,False,,0,0,0,
chrishokamp,,,,,False,,0,0,0,
arashm,,,,,False,,0,0,0,
samueloph,,,,,False,,0,0,0,
YoungForest,,,,,False,,0,0,0,
adamisntdead,,,,,False,,0,0,0,
julia-finassi,,,,,False,,0,0,0,
bact,,,,,False,,0,0,0,
dionarodrigues,,,,,False,,0,0,0,
MatissJanis,,,,,False,,0,0,0,
mrdavidlaing,,,,,False,,0,0,0,
ericm,,,,,False,,0,0,0,
barnex,,,,,False,,0,0,0,
kiall,,,,,False,,0,0,0,
victor-cody,,,,,False,,0,0,0,
ebowman,,,,,False,,0,0,0,
shaneosullivan,,,,,False,,0,0,0,
jalalazimi,,,,,False,,0,0,0,
brk3,,,,,False,,0,0,0,
dreamos82,,,,,False,,0,0,0,
josmas,,,,,False,,0,0,0,
marlonbernardes,,,,,False,,0,0,0,
Badhansen,,,,,False,,0,0,0,
arthurbdiniz,,,,,False,,0,0,0,
JuniorTorresMTJ,,,,,False,,0,0,0,
lkhphuc,,,,,False,,0,0,0,
adityastic,,,,,False,,0,0,0,
rcarriga,,,,,False,,0,0,0,
idontknowjs,,,,,False,,0,0,0,
lyuchenyang,,,,,False,,0,0,0,
devinvestidor,,,,,False,,0,0,0,
Ziggoto,,,,,False,,0,0,0,
elisemercury,,,,,False,,0,0,0,
nating,,,,,False,,0,0,0,
efazati,,,,,False,,0,0,0,
JonHanna,,,,,False,,0,0,0,
Albert-W,,,,,False,,0,0,0,
felipemeriga,,,,,False,,0,0,0,
darth30joker,,,,,False,,0,0,0,
mspronesti,,,,,False,,0,0,0,
johnmcclean,,,,,False,,0,0,0,
henrym2,,,,,False,,0,0,0,
qudongfang,,,,,False,,0,0,0,
theycallmemac,,,,,False,,0,0,0,
MathieuBuisson,,,,,False,,0,0,0,
oguzhane,,,,,False,,0,0,0,
rohantaneja,,,,,False,,0,0,0,
invizbox,,,,,False,,0,0,0,
SibeeshVenu,,,,,False,,0,0,0,
roddhjav,,,,,False,,0,0,0,
luizgrp,,,,,False,,0,0,0,
joshuacassidy,,,,,False,,0,0,0,
claudinecallaghan,,,,,False,,0,0,0,
dhruvarora,,,,,False,,0,0,0,
kieranjol,,,,,False,,0,0,0,
tranlenam,,,,,False,,0,0,0,
Thrifleganger,,,,,False,,0,0,0,
SeanDuggan,,,,,False,,0,0,0,
AndrewLJackson,,,,,False,,0,0,0,
rodolphoeck,,,,,False,,0,0,0,
Saegusae,,,,,False,,0,0,0,
stephen-howell,,,,,False,,0,0,0,
jerry-shao,,,,,False,,0,0,0,
ByFishh,,,,,False,,0,0,0,
HoseinEmrani,,,,,False,,0,0,0,
kaybenleroll,,,,,False,,0,0,0,
manab-kb,,,,,False,,0,0,0,
Mongey,,,,,False,,0,0,0,
ocanty,,,,,False,,0,0,0,
eduardolbruno,,,,,False,,0,0,0,
MayconCardoso,,,,,False,,0,0,0,
manfromanotherland,,,,,False,,0,0,0,
siscia,,,,,False,,0,0,0,
nebkat,,,,,False,,0,0,0,
marete,,,,,False,,0,0,0,
johnglover,,,,,False,,0,0,0,
wjgilmore,,,,,False,,0,0,0,
kaylode,,,,,False,,0,0,0,
sakrist,,,,,False,,0,0,0,
hamedrnik,,,,,False,,0,0,0,
Chinmayrane16,,,,,False,,0,0,0,
Guray00,,,,,False,,0,0,0,
carloscarvallo,,,,,False,,0,0,0,
rpairo,,,,,False,,0,0,0,
marcomorain,,,,,False,,0,0,0,
jaswdr,,,,,False,,0,0,0,
tombee,,,,,False,,0,0,0,
daveearley,,,,,False,,0,0,0,
markdeegan,,,,,False,,0,0,0,
ezavile,,,,,False,,0,0,0,
rorhug,,,,,False,,0,0,0,
dominykas,,,,,False,,0,0,0,
jordimontana82,,,,,False,,0,0,0,
mcguinlu,,,,,False,,0,0,0,
dehora,,,,,False,,0,0,0,
andrewm4894,,,,,False,,0,0,0,
mushketyk,,,,,False,,0,0,0,
gilliganondata,,,,,False,,0,0,0,
xaionaro,,,,,False,,0,0,0,
Mevrael,,,,,False,,0,0,0,
jasonrogena,,,,,False,,0,0,0,
RonanKMcGovern,,,,,False,,0,0,0,
kishoreyekkanti,,,,,False,,0,0,0,
ruben1,,,,,False,,0,0,0,
SemanticallyNull,,,,,False,,0,0,0,
bctnry,,,,,False,,0,0,0,
EfeBudak,,,,,False,,0,0,0,
itsmunim,,,,,False,,0,0,0,
laserbat,,,,,False,,0,0,0,
hasangenc0,,,,,False,,0,0,0,
conorosully,,,,,False,,0,0,0,
Eroui,,,,,False,,0,0,0,
krinkinmu,,,,,False,,0,0,0,
butlerx,,,,,False,,0,0,0,
rajitbanerjee,,,,,False,,0,0,0,
martinmicunda,,,,,False,,0,0,0,
evandroflores,,,,,False,,0,0,0,
sheeehy,,,,,False,,0,0,0,
DzyubSpirit,,,,,False,,0,0,0,
amineremache,,,,,False,,0,0,0,
gcacace,,,,,False,,0,0,0,
fermoya,,,,,False,,0,0,0,
Ruubia,,,,,False,,0,0,0,
ajami1331,,,,,False,,0,0,0,
loyannec,,,,,False,,0,0,0,
varol,,,,,False,,0,0,0,
nosmo,,,,,False,,0,0,0,
pshirshov,,,,,False,,0,0,0,
Mparaiso,,,,,False,,0,0,0,
micaleel,,,,,False,,0,0,0,
sberyozkin,,,,,False,,0,0,0,
VitorNoVictor,,,,,False,,0,0,0,
johndharrison,,,,,False,,0,0,0,
kgaughan,,,,,False,,0,0,0,
JamesCrook,,,,,False,,0,0,0,
atopuzov,,,,,False,,0,0,0,
MKGAURAB,,,,,False,,0,0,0,
Hildebrando-Viana-Matos,,,,,False,,0,0,0,
AlexGascon,,,,,False,,0,0,0,
williamkennedy,,,,,False,,0,0,0,
Soumyabrata,,,,,False,,0,0,0,
vially,,,,,False,,0,0,0,
mguilhermetavares,,,,,False,,0,0,0,
ismagom,,,,,False,,0,0,0,
johnbrett,,,,,False,,0,0,0,
DubiousCactus,,,,,False,,0,0,0,
jakekgrog,,,,,False,,0,0,0,
drewfurgiuele,,,,,False,,0,0,0,
Szer,,,,,False,,0,0,0,
DaniJG,,,,,False,,0,0,0,
FintanH,,,,,False,,0,0,0,
jeethu,,,,,False,,0,0,0,
tommymaher15,,,,,False,,0,0,0,
thesimplekid,,,,,False,,0,0,0,
dmitriz,,,,,False,,0,0,0,
ciaranha,,,,,False,,0,0,0,
braz,,,,,False,,0,0,0,
oisin,,,,,False,,0,0,0,
lalitkale,,,,,False,,0,0,0,
lucabrunox,,,,,False,,0,0,0,
heberop,,,,,False,,0,0,0,
yumin-chen,,,,,False,,0,0,0,
alexisInSAR,,,,,False,,0,0,0,
erd,,,,,False,,0,0,0,
retecata,,,,,False,,0,0,0,
aweimeow,,,,,False,,0,0,0,
giacomorebonato,,,,,False,,0,0,0,
inversify,,,,,False,,0,0,0,
AgentMC,,,,,False,,0,0,0,
rafaelcamaram,,,,,False,,0,0,0,
Barros42,,,,,False,,0,0,0,
dethi,,,,,False,,0,0,0,
reachanihere,,,,,False,,0,0,0,
AnthonyBloomer,,,,,False,,0,0,0,
johnpaulhayes,,,,,False,,0,0,0,
yoniLavi,,,,,False,,0,0,0,
aaman007,,,,,False,,0,0,0,
Th3T3chn0G1t,,,,,False,,0,0,0,
PaulinaCzarnota,,,,,False,,0,0,0,
gordonknoppe,,,,,False,,0,0,0,
chaosmail,,,,,False,,0,0,0,
BrunoRosendo,,,,,False,,0,0,0,
bergerx,,,,,False,,0,0,0,
daishisystems,,,,,False,,0,0,0,
dineshrathee12,,,,,False,,0,0,0,
hmleal,,,,,False,,0,0,0,
laisbsc,,,,,False,,0,0,0,
SkypLabs,,,,,False,,0,0,0,
tmaher,,,,,False,,0,0,0,
sachsom95,,,,,False,,0,0,0,
wlepinski,,,,,False,,0,0,0,
MarkPKCollier,,,,,False,,0,0,0,
samukasmk,,,,,False,,0,0,0,
EffinMaggie,,,,,False,,0,0,0,
hennasingh,,,,,False,,0,0,0,
Margatroid,,,,,False,,0,0,0,
dee-see,,,,,False,,0,0,0,
barambani,,,,,False,,0,0,0,
davidino,,,,,False,,0,0,0,
ArtyomZorin,,,,,False,,0,0,0,
ruidfigueiredo,,,,,False,,0,0,0,
diegocard,,,,,False,,0,0,0,
crivetimihai,,,,,False,,0,0,0,
apontejaj,,,,,False,,0,0,0,
PiotrJustyna,,,,,False,,0,0,0,
kuzznya,,,,,False,,0,0,0,
ketanbhatt,,,,,False,,0,0,0,
kudos,,,,,False,,0,0,0,
conr,,,,,False,,0,0,0,
brunoric,,,,,False,,0,0,0,
infinity4471,,,,,False,,0,0,0,
stefan-mueller,,,,,False,,0,0,0,
tomwillfixit,,,,,False,,0,0,0,
SiddheshBangar,,,,,False,,0,0,0,
ramdesh,,,,,False,,0,0,0,
dtuite,,,,,False,,0,0,0,
coogie,,,,,False,,0,0,0,
wafuwafu13,,,,,False,,0,0,0,
yannickgloster,,,,,False,,0,0,0,
odarbelaeze,,,,,False,,0,0,0,
MuZhou233,,,,,False,,0,0,0,
henriqueconte,,,,,False,,0,0,0,
jonwk,,,,,False,,0,0,0,
codingedward,,,,,False,,0,0,0,
bkenny,,,,,False,,0,0,0,
LukeHackett12,,,,,False,,0,0,0,
arturmartins,,,,,False,,0,0,0,
shanecurran,,,,,False,,0,0,0,
jamesperes-zz,,,,,False,,0,0,0,
gary-rafferty,,,,,False,,0,0,0,
iKristy,,,,,False,,0,0,0,
yigitv4rli,,,,,False,,0,0,0,
paulmcquad,,,,,False,,0,0,0,
rafapages,,,,,False,,0,0,0,
Char1esOrz,,,,,False,,0,0,0,
goyox86,,,,,False,,0,0,0,
LucasReinaldo,,,,,False,,0,0,0,
coheigea,,,,,False,,0,0,0,
blai,,,,,False,,0,0,0,
lexesj,,,,,False,,0,0,0,
MerrionComputing,,,,,False,,0,0,0,
alxrm,,,,,False,,0,0,0,
CaoimheC1,,,,,False,,0,0,0,
luben,,,,,False,,0,0,0,
steveire,,,,,False,,0,0,0,
mariodruiz,,,,,False,,0,0,0,
kesbeast23,,,,,False,,0,0,0,
alediaferia,,,,,False,,0,0,0,
agiuliano,,,,,False,,0,0,0,
regismesquita,,,,,False,,0,0,0,
Brian1KB,,,,,False,,0,0,0,
22a,,,,,False,,0,0,0,
taebow,,,,,False,,0,0,0,
ivucica,,,,,False,,0,0,0,
devplayer0,,,,,False,,0,0,0,
5olitude,,,,,False,,0,0,0,
frcs,,,,,False,,0,0,0,
OganBelema,,,,,False,,0,0,0,
rebeccatraceyt,,,,,False,,0,0,0,
ChrisHegarty,,,,,False,,0,0,0,
sentinelleader,,,,,False,,0,0,0,
igor-elovikov,,,,,False,,0,0,0,
gytdau,,,,,False,,0,0,0,
mtrovo,,,,,False,,0,0,0,
gdyrrahitis,,,,,False,,0,0,0,
decmurphy,,,,,False,,0,0,0,
gagern,,,,,False,,0,0,0,
vishwakarma,,,,,False,,0,0,0,
rohanjaswal2507,,,,,False,,0,0,0,
ismisepaul,,,,,False,,0,0,0,
Madjda,,,,,False,,0,0,0,
juannunesz,,,,,False,,0,0,0,
gustavomagella,,,,,False,,0,0,0,
apassant,,,,,False,,0,0,0,
Cryt-Software,,,,,False,,0,0,0,
kenguest,,,,,False,,0,0,0,
jaksi,,,,,False,,0,0,0,
kastwey,,,,,False,,0,0,0,
pinkishincoloragain,,,,,False,,0,0,0,
chico,,,,,False,,0,0,0,
scottire,,,,,False,,0,0,0,
benkelly,,,,,False,,0,0,0,
marcustut,,,,,False,,0,0,0,
Alantrivandrum,,,,,False,,0,0,0,
pedrotcaraujo,,,,,False,,0,0,0,
chekoduadarsh,,,,,False,,0,0,0,
mainkoon81,,,,,False,,0,0,0,
thibaud-rohmer,,,,,False,,0,0,0,
l-bat,,,,,False,,0,0,0,
esjmb,,,,,False,,0,0,0,
briandipalma,,,,,False,,0,0,0,
izifortune,,,,,False,,0,0,0,
ciaranlee,,,,,False,,0,0,0,
Necior,,,,,False,,0,0,0,
allentv,,,,,False,,0,0,0,
alan-maguire,,,,,False,,0,0,0,
alexandremalavasi,,,,,False,,0,0,0,
Patrick160893,,,,,False,,0,0,0,
adrian,,,,,False,,0,0,0,
realshaunoneill,,,,,False,,0,0,0,
tannineo,,,,,False,,0,0,0,
jaimebuelta,,,,,False,,0,0,0,
cioban,,,,,False,,0,0,0,
prakhargurawa,,,,,False,,0,0,0,
matheuscscp,,,,,False,,0,0,0,
jscrane,,,,,False,,0,0,0,
maxigimenez,,,,,False,,0,0,0,
hmarques98,,,,,False,,0,0,0,
duairc,,,,,False,,0,0,0,
prakashjha18,,,,,False,,0,0,0,
fthzkrtn,,,,,False,,0,0,0,
skilbjo,,,,,False,,0,0,0,
mickcrosse,,,,,False,,0,0,0,
hakanu,,,,,False,,0,0,0,
gunerkaanalkim,,,,,False,,0,0,0,
salyh,,,,,False,,0,0,0,
hieunguyenm,,,,,False,,0,0,0,
ciaranpflanagan,,,,,False,,0,0,0,
xfontes42,,,,,False,,0,0,0,
stuartchaney,,,,,False,,0,0,0,
metapredicate,,,,,False,,0,0,0,
markoshorro,,,,,False,,0,0,0,
patrickjquinn,,,,,False,,0,0,0,
10xOXR,,,,,False,,0,0,0,
BlueLort,,,,,False,,0,0,0,
flaree,,,,,False,,0,0,0,
CarolinaCobo,,,,,False,,0,0,0,
gagomes,,,,,False,,0,0,0,
nakitamccool,,,,,False,,0,0,0,
